{"cameraMode":{"drawMode":0,"name":"Shaded","section":"Shading Mode"},"sceneLighting":true,"audioPlay":false,"sceneViewState":{"m_AlwaysRefresh":false,"showFog":true,"showSkybox":true,"showFlares":true,"showImageEffects":true,"showParticleSystems":true,"showVisualEffectGraphs":true,"m_FxEnabled":false},"in2DMode":false,"pivot":{"x":32.14752197265625,"y":30.46697998046875,"z":0.0000025033950805664064},"rotation":{"x":-0.17160336673259736,"y":0.06260748207569123,"z":-0.010928208008408547,"w":-0.9831146597862244},"size":20.137218475341798,"orthographic":false}