{"cameraMode":{"drawMode":0,"name":"Shaded","section":"Shading Mode"},"sceneLighting":false,"audioPlay":false,"sceneViewState":{"m_AlwaysRefresh":false,"showFog":true,"showSkybox":false,"showFlares":true,"showImageEffects":true,"showParticleSystems":true,"showVisualEffectGraphs":true,"m_FxEnabled":false},"in2DMode":false,"pivot":{"x":9.476759910583496,"y":35.043373107910159,"z":0.2516355514526367},"rotation":{"x":-0.03030119650065899,"y":-0.017393754795193673,"z":0.0005269645480439067,"w":-0.9993990063667297},"size":4.242640495300293,"orthographic":false}